id,created_at,date,time,user,text,favorite_count,year,month,day_of_month,day_of_week
1191745965105045504,Tue Nov 05 15:55:54 +0000 2019,2019-11-5,15:55:54,espn975,It's time to give Bill O'Brien some credit Texans,2911.0,2019,11,5,1
1191722977404035073,Tue Nov 05 14:24:33 +0000 2019,2019-11-5,14:24:33,PinkValkyrie,RT It's time to give Bill O'Brien some credit Texans NFL EveryThingSports  ,60664.0,2019,11,5,1
1191714292426530816,Tue Nov 05 13:50:02 +0000 2019,2019-11-5,13:50:02,JoeM709,RT It's time to give Bill O'Brien some credit Texans NFL EveryThingSports  ,15561.0,2019,11,5,1
1191710485126766593,Tue Nov 05 13:34:55 +0000 2019,2019-11-5,13:34:55,BlackSundayTxns,RT It's time to give Bill O'Brien some credit Texans NFL EveryThingSports  ,21534.0,2019,11,5,1
1191706901601562630,Tue Nov 05 13:20:40 +0000 2019,2019-11-5,13:20:40,The_Jermaine,It's time to give Bill O'Brien some credit Texans NFL EveryThingSports  ,10792.0,2019,11,5,1
1191416480036016128,Mon Nov 04 18:06:38 +0000 2019,2019-11-4,18:06:38,SportsHustles,Within the last week you would have to say Bill O'Brien is getting it done. | Astros Texans Rockets  AJHinch‚Ä¶,245.0,2019,11,4,0
1193900170078932993,Mon Nov 11 14:35:56 +0000 2019,2019-11-11,14:35:56,Jimbo7816,Plays in the first half matter. All points count equally d‚Ä¶,20.0,2019,11,11,0
1198378802759557121,Sat Nov 23 23:12:26 +0000 2019,2019-11-23,23:12:26,hrblock_21,RT The All-Pro safety was briefly connected to the Texans this offseason. Houston's HC did not sound too interested,106.0,2019,11,23,5
1198342374881148929,Sat Nov 23 20:47:40 +0000 2019,2019-11-23,20:47:40,ltf_ty,RT The All-Pro safety was briefly connected to the Texans this offseason. Houston's HC did not sound too interested,147.0,2019,11,23,5
1198337897507803142,Sat Nov 23 20:29:53 +0000 2019,2019-11-23,20:29:53,pfrumors,The All-Pro safety was briefly connected to the Texans this offseason. Houston's HC did not sound too interested,3562.0,2019,11,23,5
1196694620132061185,Tue Nov 19 07:40:05 +0000 2019,2019-11-19,07:40:05,Colts_TT,Colts' Justin Houston gets high praise from Texans' Bill O'Brien IndianapolisColts,0.0,2019,11,19,1
1196620337108209667,Tue Nov 19 02:44:55 +0000 2019,2019-11-19,02:44:55,UpdatesColts,RT Colts' Justin Houston gets high praise from Texans' Bill O'Brien,1.0,2019,11,19,1
1196608878814908416,Tue Nov 19 01:59:23 +0000 2019,2019-11-19,01:59:23,ginambeam,RT Colts' Justin Houston gets high praise from Texans' Bill O'Brien,1289.0,2019,11,19,1
1196608752704774144,Tue Nov 19 01:58:53 +0000 2019,2019-11-19,01:58:53,TheColtsWire,Colts' Justin Houston gets high praise from Texans' Bill O'Brien,417.0,2019,11,19,1
1196261390845132806,Mon Nov 18 02:58:35 +0000 2019,2019-11-18,02:58:35,verityweekly,Bill O‚ÄôBrien has ‚Äòno idea‚Äô what PI is after non-call  Well before Houston‚Äôs blowout defeat to Baltimore on Sunday w‚Ä¶,747.0,2019,11,18,0
1196192983151980544,Sun Nov 17 22:26:46 +0000 2019,2019-11-17,22:26:46,MorrisBai_,"Texans must have got their ASSES handed to them cause coach Bill O'Brien is trending. Doesn't get calls, how to coa‚Ä¶",35847.0,2019,11,17,6
1196161788418637825,Sun Nov 17 20:22:48 +0000 2019,2019-11-17,20:22:48,airgroves,My final take is the Houston Texans are broken and Bill Obrien cannot fixed them that is all.,501.0,2019,11,17,6
1200324875115810816,Fri Nov 29 08:05:25 +0000 2019,2019-11-29,08:05:25,TimP103,"Bill O'Brien is the most successful ex-Bill Belichick assistant. But to get where the Texans want to be, O'Brien mu‚Ä¶",11.0,2019,11,29,4
1200086820928622592,Thu Nov 28 16:19:29 +0000 2019,2019-11-28,16:19:29,STERLING9798,"As always, Patriots stand in the way for Bill O'Brien and Texans - Houston Texans- ESPN",361.0,2019,11,28,3
1200023580542676993,Thu Nov 28 12:08:11 +0000 2019,2019-11-28,12:08:11,monkey_viral,"As always, Patriots stand in the way for Bill O'Brien and Texans - Houston Texans Blog now trending on Monkey Vira‚Ä¶",569.0,2019,11,28,3
1199968219286687745,Thu Nov 28 08:28:12 +0000 2019,2019-11-28,08:28:12,SVOFL,"As always, Patriots stand in the way for Bill O'Brien and Texans NFL football",34.0,2019,11,28,3
1199961952556109824,Thu Nov 28 08:03:18 +0000 2019,2019-11-28,08:03:18,100UBF,"As always, Patriots stand in the way for Bill O'Brien and Texans",7.0,2019,11,28,3
1199961736335560706,Thu Nov 28 08:02:26 +0000 2019,2019-11-28,08:02:26,Sportsgriduk,"As always, Patriots stand in the way for Bill O'Brien and Texans",130.0,2019,11,28,3
1199838956545699840,Wed Nov 27 23:54:33 +0000 2019,2019-11-27,23:54:33,sport_wolrd,"As always, Patriots stand in the way for Bill O'Brien and Texans",0.0,2019,11,27,2
1199829879304441857,Wed Nov 27 23:18:29 +0000 2019,2019-11-27,23:18:29,PhenomDaOne,"As always, Patriots stand in the way for Bill O'Brien and Texans",341.0,2019,11,27,2
1199752212051845120,Wed Nov 27 18:09:52 +0000 2019,2019-11-27,18:09:52,iSportsAnalysis,"RT ""As always, Patriots stand in the way for Bill O'Brien and Texans"" via ESPN NFL ESPN NFLNews",250454.0,2019,11,27,2
1199726628529692672,Wed Nov 27 16:28:12 +0000 2019,2019-11-27,16:28:12,FantasyJabber,"As always, Patriots stand in the way for Bill O'Brien and Texans",53.0,2019,11,27,2
1199726602415792128,Wed Nov 27 16:28:06 +0000 2019,2019-11-27,16:28:06,profbinsights,"As always, Patriots stand in the way for Bill O'Brien and Texans",45.0,2019,11,27,2
1199725633116557312,Wed Nov 27 16:24:15 +0000 2019,2019-11-27,16:24:15,Sporterx3,"As always, Patriots stand in the way for Bill O‚ÄôBrien and Texans ‚Äì Houston Texans¬†Blog",4.0,2019,11,27,2
1199724456844742657,Wed Nov 27 16:19:34 +0000 2019,2019-11-27,16:19:34,RonBohning,"As always, Patriots stand in the way for Bill O'Brien and Texans",128.0,2019,11,27,2
1199724321662390274,Wed Nov 27 16:19:02 +0000 2019,2019-11-27,16:19:02,DonPistulka,DFS NFL,26.0,2019,11,27,2
1199722853186375680,Wed Nov 27 16:13:12 +0000 2019,2019-11-27,16:13:12,WinEasy_quotes,"As always, Patriots stand in the way for Bill O'Brien and Texans via",49.0,2019,11,27,2
1199719952682491905,Wed Nov 27 16:01:41 +0000 2019,2019-11-27,16:01:41,max_twest,"Football news! As always, Patriots stand in the way for Bill O'Brien and Texans",15.0,2019,11,27,2
1199719769848590337,Wed Nov 27 16:00:57 +0000 2019,2019-11-27,16:00:57,SwaggyDoo_101,"As always, Patriots stand in the way for Bill O'Brien and Texans - via App",28348.0,2019,11,27,2
1199719141764214786,Wed Nov 27 15:58:27 +0000 2019,2019-11-27,15:58:27,AllTheFootballs,"As always, Patriots stand in the way for Bill O'Brien and Texans NFL Football Fans",101.0,2019,11,27,2
1199718596601155584,Wed Nov 27 15:56:17 +0000 2019,2019-11-27,15:56:17,nickschreck,"Via ESPN - ESPN NFL FantasyFootball ""As always, Patriots stand in the way for Bill O'Brien and Texans""",40551.0,2019,11,27,2
1199718310289584133,Wed Nov 27 15:55:09 +0000 2019,2019-11-27,15:55:09,LetsTalkFF,"""As always, Patriots stand in the way for Bill O'Brien and Texans"" via ESPN NFL ESPN NFLNews",10123.0,2019,11,27,2
1199717299894145024,Wed Nov 27 15:51:08 +0000 2019,2019-11-27,15:51:08,SportsbookBTC,"NFL  üèà As always, Patriots stand in the way for Bill O'Brien and Texans ‚ñ∫‚Ä¶",85.0,2019,11,27,2
1199717275651100673,Wed Nov 27 15:51:02 +0000 2019,2019-11-27,15:51:02,Sportnewsbuzz,"As always, Patriots stand in the way for Bill O'Brien and Texans",716.0,2019,11,27,2
1199709563181785088,Wed Nov 27 15:20:24 +0000 2019,2019-11-27,15:20:24,Texans_TT1,"As always, Patriots stand in the way for Bill O'Brien and Texans HoustonTexans",0.0,2019,11,27,2
1199659091574087681,Wed Nov 27 11:59:50 +0000 2019,2019-11-27,11:59:50,SoxSphere_CWH,"RT As always, Patriots stand in the way for Bill O'Brien and Texans",57560.0,2019,11,27,2
1199653099989803008,Wed Nov 27 11:36:02 +0000 2019,2019-11-27,11:36:02,PatsFans_News,"ESPN Boston: As always, Patriots stand in the way for Bill O'Brien and Texans -",105.0,2019,11,27,2
1199646811356426240,Wed Nov 27 11:11:02 +0000 2019,2019-11-27,11:11:02,ESPNBoston,"As always, Patriots stand in the way for Bill O'Brien and Texans",143.0,2019,11,27,2
1199357598572646400,Tue Nov 26 16:01:49 +0000 2019,2019-11-26,16:01:49,spacecity4life,yall must be friends. The Houston Texans win in spite of Bill OBrien not becaus‚Ä¶,1601.0,2019,11,26,1
1198712711221334016,Sun Nov 24 21:19:16 +0000 2019,2019-11-24,21:19:16,Texans_TT1,Houston Texans: 3 reasons why Bill O'Brien is hurting the kicking game HoustonTexans,0.0,2019,11,24,6
1198669122814578689,Sun Nov 24 18:26:03 +0000 2019,2019-11-24,18:26:03,brkp1999,THREE REASONS: Bill O‚ÄôBrien has been hurting the kicking game &amp; Paul Conlon gives you three reasons as to why that‚Äô‚Ä¶,1734.0,2019,11,24,6
1198669045849034757,Sun Nov 24 18:25:45 +0000 2019,2019-11-24,18:25:45,HouseOfHouston,THREE REASONS: Bill O‚ÄôBrien has been hurting the kicking game &amp; Paul Conlon gives you three reasons as to why that‚Äô‚Ä¶,15146.0,2019,11,24,6
1169630843146571776,Thu Sep 05 15:18:18 +0000 2019,2019-9-5,15:18:18,chrisyanke,Twitter reacts to Seahawks stealing Jadeveon Clowney from Texans,21119.0,2019,9,5,3
1169577229635993600,Thu Sep 05 11:45:15 +0000 2019,2019-9-5,11:45:15,a_duckett,No more excuses for Bill O'Brien this year!  'null' via ,2141.0,2019,9,5,3
1169433884368482304,Thu Sep 05 02:15:39 +0000 2019,2019-9-5,02:15:39,ZachinHtown,RT NEW BLOG POST ‚Äî Five O‚ÄôBrien Era Decisions the Houston Texans Would Like Back‚Ä¶,14765.0,2019,9,5,3
1169423700438978560,Thu Sep 05 01:35:11 +0000 2019,2019-9-5,01:35:11,Docpay75,RT NEW BLOG POST ‚Äî Five O‚ÄôBrien Era Decisions the Houston Texans Would Like Back‚Ä¶,14869.0,2019,9,5,3
1169417260353671168,Thu Sep 05 01:09:36 +0000 2019,2019-9-5,01:09:36,netohoufan,RT NEW BLOG POST ‚Äî Five O‚ÄôBrien Era Decisions the Houston Texans Would Like Back‚Ä¶,14881.0,2019,9,5,3
1169416996859056128,Thu Sep 05 01:08:33 +0000 2019,2019-9-5,01:08:33,ShaunBijani,RT NEW BLOG POST ‚Äî Five O‚ÄôBrien Era Decisions the Houston Texans Would Like Back‚Ä¶,5032.0,2019,9,5,3
1169375020860280837,Wed Sep 04 22:21:45 +0000 2019,2019-9-4,22:21:45,zuper_zan,Only 14th toughest schedule for Texans.,1143.0,2019,9,4,2
1169311483714555904,Wed Sep 04 18:09:17 +0000 2019,2019-9-4,18:09:17,SeanTPendergast,NEW BLOG POST ‚Äî Five O‚ÄôBrien Era Decisions the Houston Texans Would Like Back‚Ä¶,9.0,2019,9,4,2
1169308672910077952,Wed Sep 04 17:58:06 +0000 2019,2019-9-4,17:58:06,ChrisDeLuca,"Texans ownership is asleep at the wheel, and they're letting coach Bill O'Brien make some head-scratching trades.   explains how Houston's short-sightedness will lead to long-term issues.",34149.0,2019,9,4,2
1169307659956314112,Wed Sep 04 17:54:05 +0000 2019,2019-9-4,17:54:05,mikeyangus,"Texans ownership is asleep at the wheel, and they're letting coach Bill O'Brien make some head-scratching trades.   explains how Houston's short-sightedness will lead to long-term issues.",1965.0,2019,9,4,2
1169306054737444864,Wed Sep 04 17:47:42 +0000 2019,2019-9-4,17:47:42,sn_nfl,"Texans ownership is asleep at the wheel, and they're letting coach Bill O'Brien make some head-scratching trades.   explains how Houston's short-sightedness will lead to long-term issues.",203.0,2019,9,4,2
1169305853025050626,Wed Sep 04 17:46:54 +0000 2019,2019-9-4,17:46:54,sportingnews,"Texans ownership is asleep at the wheel, and they're letting coach Bill O'Brien make some head-scratching trades.‚Ä¶",1612.0,2019,9,4,2
1169298164899287040,Wed Sep 04 17:16:21 +0000 2019,2019-9-4,17:16:21,LTJ81,BOB SPEAKS ABOUT CROSSEN: What is Keion Crossen‚Äôs purpose? Bill O‚ÄôBrien talks about what the cornerback will do for the Texans this season. üèàüî•ü§îüíØhttps://t.co/uoKPHKpDw4,989.0,2019,9,4,2
1169267523386302464,Wed Sep 04 15:14:36 +0000 2019,2019-9-4,15:14:36,brkp1999,BOB SPEAKS ABOUT CROSSEN: What is Keion Crossen‚Äôs purpose? Bill O‚ÄôBrien talks about what the cornerback will do for‚Ä¶,1734.0,2019,9,4,2
1169267465261584384,Wed Sep 04 15:14:22 +0000 2019,2019-9-4,15:14:22,HouseOfHouston,BOB SPEAKS ABOUT CROSSEN: What is Keion Crossen‚Äôs purpose? Bill O‚ÄôBrien talks about what the cornerback will do for‚Ä¶,15146.0,2019,9,4,2
1169253690043187201,Wed Sep 04 14:19:38 +0000 2019,2019-9-4,14:19:38,mrrvlowe11,"Bill O‚ÄôBrien, Texans‚Äô plan: Is it even worth it in NFL? |",7344.0,2019,9,4,2
1169017075253297152,Tue Sep 03 22:39:24 +0000 2019,2019-9-3,22:39:24,KingArthur_11,"After Bill O‚ÄôBrien traded away Jadeveon Clowney and brought in Laremy Tunsil and Kenny Stills, we‚Äôre left wondering‚Äîwhat exactly is the Texans‚Äô long-term plan?",82024.0,2019,9,3,1
1169014707576901632,Tue Sep 03 22:30:00 +0000 2019,2019-9-3,22:30:00,espn975,There's only 1 scenario where Bill O'Brien is the smartest person in the room Texans,2911.0,2019,9,3,1
1168992399579856899,Tue Sep 03 21:01:21 +0000 2019,2019-9-3,21:01:21,sportsmaphou,There's only 1 scenario where Bill O'Brien is the smartest person in the room Texans,305.0,2019,9,3,1
1168974728939393024,Tue Sep 03 19:51:08 +0000 2019,2019-9-3,19:51:08,JABergman,"RT Given the fickleness of maintaining an NFL roster, is trying to follow any sort of sensible plan really worth it?",10503.0,2019,9,3,1
1168940362095833089,Tue Sep 03 17:34:34 +0000 2019,2019-9-3,17:34:34,DanielT50928399,"RT Given the fickleness of maintaining an NFL roster, is trying to follow any sort of sensible plan really worth it?",1363.0,2019,9,3,1
1168937885216714752,Tue Sep 03 17:24:44 +0000 2019,2019-9-3,17:24:44,TheAmandaMarie,üò¨.  Houston Texans 2019 season preview: Bill O'Brien all-in to protect Deshaun Watson,536.0,2019,9,3,1
1168936915019714560,Tue Sep 03 17:20:52 +0000 2019,2019-9-3,17:20:52,conuys,"Based on their moves this weekend, the Texans don‚Äôt seem to be following a sensible long-term plan‚Ä¶ but will it really matter in the long run?",527.0,2019,9,3,1
1168927686519152640,Tue Sep 03 16:44:12 +0000 2019,2019-9-3,16:44:12,vinaco21,"Based on their moves this weekend, the Texans don‚Äôt seem to be following a sensible long-term plan‚Ä¶ but will it really matter in the long run?",8706.0,2019,9,3,1
1168903330007068672,Tue Sep 03 15:07:25 +0000 2019,2019-9-3,15:07:25,netohoufan,"Based on their moves this weekend, the Texans don‚Äôt seem to be following a sensible long-term plan ‚Ä¶ but will it really matter in the long run?",14881.0,2019,9,3,1
1168902997889433601,Tue Sep 03 15:06:06 +0000 2019,2019-9-3,15:06:06,theMMQB,"Based on their moves this weekend, the Texans don‚Äôt seem to be following a sensible long-term plan ‚Ä¶ but will it re‚Ä¶",2306.0,2019,9,3,1
1168901493690458119,Tue Sep 03 15:00:07 +0000 2019,2019-9-3,15:00:07,SInow,"Based on their moves this weekend, the Texans don‚Äôt seem to be following a sensible long-term plan‚Ä¶ but will it rea‚Ä¶",4130.0,2019,9,3,1
1168896536278982658,Tue Sep 03 14:40:25 +0000 2019,2019-9-3,14:40:25,taimgxe,Houston Texans 2019 season preview: Bill O'Brien all-in to protect Deshaun Watson - via App,36538.0,2019,9,3,1
1168884350177488898,Tue Sep 03 13:52:00 +0000 2019,2019-9-3,13:52:00,theMMQB,"ICYMI, from a hectic holiday weekend in the NFL ...  MAQB (crafting the right Zeke deal):  MMQB (inside Texans, Seahawks, Dolphins trades):  Cutdown day wrap:  on the Texans:",2306.0,2019,9,3,1
1168883469218471938,Tue Sep 03 13:48:30 +0000 2019,2019-9-3,13:48:30,AlbertBreer,"ICYMI, from a hectic holiday weekend in the NFL ...  MAQB (crafting the right Zeke deal):",1665.0,2019,9,3,1
1168875341772984322,Tue Sep 03 13:16:12 +0000 2019,2019-9-3,13:16:12,McClain_on_NFL,"RT Given the fickleness of maintaining an NFL roster, is trying to follow any sort of sensible plan really worth it?",453.0,2019,9,3,1
1168871779747749888,Tue Sep 03 13:02:03 +0000 2019,2019-9-3,13:02:03,theMMQB,"Given the fickleness of maintaining an NFL roster, is trying to follow any sort of sensible plan really worth it?",2306.0,2019,9,3,1
1168864504568061952,Tue Sep 03 12:33:08 +0000 2019,2019-9-3,12:33:08,JOBOOZOSO,Is a Plan in the NFL Even Worth It?,130.0,2019,9,3,1
1168858103326171136,Tue Sep 03 12:07:42 +0000 2019,2019-9-3,12:07:42,MikeMissile1,Is a Plan in the NFL Even Worth It?,19.0,2019,9,3,1
1168857694297567232,Tue Sep 03 12:06:05 +0000 2019,2019-9-3,12:06:05,Jefecitohh,Is a Plan in the NFL Even Worth It?,35.0,2019,9,3,1
1168857415640637440,Tue Sep 03 12:04:58 +0000 2019,2019-9-3,12:04:58,TheSleagueFF,New on SI: Is a Plan in the NFL Even Worth It?,34.0,2019,9,3,1
1168844361976754176,Tue Sep 03 11:13:06 +0000 2019,2019-9-3,11:13:06,historianspeaks,Texans coach Bill O'Brien on NFL social justice protests: 'I have the players' backs',1533.0,2019,9,3,1
1168814229698359297,Tue Sep 03 09:13:22 +0000 2019,2019-9-3,09:13:22,Shikai32,It's All On Bill O'Brien Now - Deadspin  It's All On Bill O'Brien Now¬†¬†Deadspin  Jadeveon Clowney to the Seahawks i‚Ä¶,0.0,2019,9,3,1
1168758078344507392,Tue Sep 03 05:30:15 +0000 2019,2019-9-3,05:30:15,cincosayshsport,"O‚ÄôBrien gets an A for this. üëá  ‚ÄúI'm not going to get into any discussions I have with any player.., but I support t‚Ä¶",10348.0,2019,9,3,1
1168751553831788544,Tue Sep 03 05:04:19 +0000 2019,2019-9-3,05:04:19,tee_peters27,Texans coach Bill O'Brien on NFL social justice protests: 'I have the players' backs',10299.0,2019,9,3,1
1168741985919864833,Tue Sep 03 04:26:18 +0000 2019,2019-9-3,04:26:18,Ayoo_Noah,"After Bill O‚ÄôBrien traded away Jadeveon Clowney and brought in Laremy Tunsil and Kenny Stills, we‚Äôre left wondering‚Äîwhat exactly is the Texans‚Äô long-term plan?",204656.0,2019,9,3,1
1168704341974376448,Tue Sep 03 01:56:43 +0000 2019,2019-9-3,01:56:43,UptheKingdom4,"After Bill O‚ÄôBrien traded away Jadeveon Clowney and brought in Laremy Tunsil and Kenny Stills, we‚Äôre left wondering‚Äîwhat exactly is the Texans‚Äô long-term plan?",14159.0,2019,9,3,1
1168703670189510658,Tue Sep 03 01:54:03 +0000 2019,2019-9-3,01:54:03,Enfuego42,I NO Longer Support the Houston Texans,967.0,2019,9,3,1
1168692750117588992,Tue Sep 03 01:10:39 +0000 2019,2019-9-3,01:10:39,TheUrbanNewz,Texans coach Bill O'Brien on NFL social justice protests: 'I have the players' backs',6217.0,2019,9,3,1
1168680463369744384,Tue Sep 03 00:21:50 +0000 2019,2019-9-3,00:21:50,CreoleRozay,"After Bill O‚ÄôBrien traded away Jadeveon Clowney and brought in Laremy Tunsil and Kenny Stills, we‚Äôre left wondering‚Äîwhat exactly is the Texans‚Äô long-term plan?",3280.0,2019,9,3,1
1168676996911685632,Tue Sep 03 00:08:03 +0000 2019,2019-9-3,00:08:03,theMMQB,"After Bill O‚ÄôBrien traded away Jadeveon Clowney and brought in Laremy Tunsil and Kenny Stills, we‚Äôre left wondering‚Ä¶",2306.0,2019,9,3,1
1168655678673752064,Mon Sep 02 22:43:21 +0000 2019,2019-9-2,22:43:21,PackManJoel,"Houston‚Äôs slew of trades on Saturday begs the question: How did the Texans get here, dealing more than the Browns did for OBJ or the Bears for Mack, to land left tackle Laremy Tunsil?   on the process and more in this week‚Äôs MMQB",13248.0,2019,9,2,0
1168629482464382977,Mon Sep 02 20:59:15 +0000 2019,2019-9-2,20:59:15,ReputationTalk,The reputation of Bill O'Brien and the Houston Texans is being laughed at and mocked. The decisions invited reasona‚Ä¶,9987.0,2019,9,2,0
1168623688876548100,Mon Sep 02 20:36:14 +0000 2019,2019-9-2,20:36:14,C9Teferi,"Houston‚Äôs slew of trades on Saturday begs the question: How did the Texans get here, dealing more than the Browns did for OBJ or the Bears for Mack, to land left tackle Laremy Tunsil?   on the process and more in this week‚Äôs MMQB",10455.0,2019,9,2,0
1168620470645616640,Mon Sep 02 20:23:26 +0000 2019,2019-9-2,20:23:26,BigTimeFootball,"RT Let‚Äôs check in on Bill O‚ÄôBrien, head coach/GM of the Texans, one week before the start of the season‚Ä¶",50080.0,2019,9,2,0
1168619424905146375,Mon Sep 02 20:19:17 +0000 2019,2019-9-2,20:19:17,CraigHarmann,"Houston‚Äôs slew of trades on Saturday begs the question: How did the Texans get here, dealing more than the Browns did for OBJ or the Bears for Mack, to land left tackle Laremy Tunsil?   on the process and more in this week‚Äôs MMQB",56525.0,2019,9,2,0
1168618370142486529,Mon Sep 02 20:15:05 +0000 2019,2019-9-2,20:15:05,VincentMTiberi,"Texans trade for Laremy Tunsil, Kenny Stills show lack of vision |",21349.0,2019,9,2,0
1168610385487790081,Mon Sep 02 19:43:22 +0000 2019,2019-9-2,19:43:22,R_n_RSongbird,"9.2 MMQB is up! On a wild weekend ...  üí• Houston's O'Brien: ‚ÄúWe're trying to get better in all ways. The roster is just one way to do that."" üí• Seattle's Schneider: ""He can do whatever he wants to do when he wants to do it."" üí• Flores' task.  And MORE!",194683.0,2019,9,2,0
1168601419047428096,Mon Sep 02 19:07:44 +0000 2019,2019-9-2,19:07:44,youthsnews,"Laremy Tunsil, Jadeveon Clowney moves will define Texans, Bill O‚ÄôBrien ‚Äì Houston Texans Blog",891.0,2019,9,2,0
1168600494115360771,Mon Sep 02 19:04:04 +0000 2019,2019-9-2,19:04:04,James_McMurray,"Houston‚Äôs slew of trades on Saturday begs the question: How did the Texans get here, dealing more than the Browns did for OBJ or the Bears for Mack, to land left tackle Laremy Tunsil?   on the process and more in this week‚Äôs MMQB",7122.0,2019,9,2,0
1168598124455219200,Mon Sep 02 18:54:39 +0000 2019,2019-9-2,18:54:39,McClain_on_NFL,"Houston‚Äôs slew of trades on Saturday begs the question: How did the Texans get here, dealing more than the Browns did for OBJ or the Bears for Mack, to land left tackle Laremy Tunsil?   on the process and more in this week‚Äôs MMQB",453.0,2019,9,2,0
1168579955506196481,Mon Sep 02 17:42:27 +0000 2019,2019-9-2,17:42:27,700acreislnd,"Breaking down Bill O‚ÄôBrien, Houston Texans seismic trade",0.0,2019,9,2,0
1168571348043685888,Mon Sep 02 17:08:15 +0000 2019,2019-9-2,17:08:15,ButtaBeatsInc,"M .k gBreaking down Bill O‚ÄôBrien, Houston Texans seismic trade",21.0,2019,9,2,0
1168569479456010241,Mon Sep 02 17:00:49 +0000 2019,2019-9-2,17:00:49,we_reorganized,"Breaking down Bill O‚ÄôBrien, Houston Texans seismic trade",0.0,2019,9,2,0
1168558819674247171,Mon Sep 02 16:18:28 +0000 2019,2019-9-2,16:18:28,Kurtis19,"9.2 MMQB is up! On a wild weekend ...  üí• Houston's O'Brien: ‚ÄúWe're trying to get better in all ways. The roster is just one way to do that."" üí• Seattle's Schneider: ""He can do whatever he wants to do when he wants to do it."" üí• Flores' task.  And MORE!",836.0,2019,9,2,0
1168556193528238081,Mon Sep 02 16:08:01 +0000 2019,2019-9-2,16:08:01,goucher,"9.2 MMQB is up! On a wild weekend ...  üí• Houston's O'Brien: ‚ÄúWe're trying to get better in all ways. The roster is just one way to do that."" üí• Seattle's Schneider: ""He can do whatever he wants to do when he wants to do it."" üí• Flores' task.  And MORE!",23448.0,2019,9,2,0
1168553038346240000,Mon Sep 02 15:55:29 +0000 2019,2019-9-2,15:55:29,dereemus,It‚Äôs hard to gauge which has been more damaging to the Houston Texans franchise: David Carr or Bill OBrien,681.0,2019,9,2,0
1168551043803697152,Mon Sep 02 15:47:34 +0000 2019,2019-9-2,15:47:34,EricJBaird,"9.2 MMQB is up! On a wild weekend ...  üí• Houston's O'Brien: ‚ÄúWe're trying to get better in all ways. The roster is just one way to do that."" üí• Seattle's Schneider: ""He can do whatever he wants to do when he wants to do it."" üí• Flores' task.  And MORE!",19478.0,2019,9,2,0
1168550102983569408,Mon Sep 02 15:43:49 +0000 2019,2019-9-2,15:43:49,HawkPapa84,"9.2 MMQB is up! On a wild weekend ...  üí• Houston's O'Brien: ‚ÄúWe're trying to get better in all ways. The roster is just one way to do that."" üí• Seattle's Schneider: ""He can do whatever he wants to do when he wants to do it."" üí• Flores' task.  And MORE!",9719.0,2019,9,2,0
1168549011873157122,Mon Sep 02 15:39:29 +0000 2019,2019-9-2,15:39:29,DavisHsuSeattle,"9.2 MMQB is up! On a wild weekend ...  üí• Houston's O'Brien: ‚ÄúWe're trying to get better in all ways. The roster is just one way to do that."" üí• Seattle's Schneider: ""He can do whatever he wants to do when he wants to do it."" üí• Flores' task.  And MORE!",555.0,2019,9,2,0
1168548328352731142,Mon Sep 02 15:36:46 +0000 2019,2019-9-2,15:36:46,LeonAnt45,"9.2 MMQB is up! On a wild weekend ...  üí• Houston's O'Brien: ‚ÄúWe're trying to get better in all ways. The roster is just one way to do that."" üí• Seattle's Schneider: ""He can do whatever he wants to do when he wants to do it."" üí• Flores' task.  And MORE!",2082.0,2019,9,2,0
1168542555258142722,Mon Sep 02 15:13:50 +0000 2019,2019-9-2,15:13:50,R_Crossingham,"Houston‚Äôs slew of trades on Saturday begs the question: How did the Texans get here, dealing more than the Browns did for OBJ or the Bears for Mack, to land left tackle Laremy Tunsil?   on the process and more in this week‚Äôs MMQB",4335.0,2019,9,2,0
1168538501442416642,Mon Sep 02 14:57:43 +0000 2019,2019-9-2,14:57:43,bishman03,"9.2 MMQB is up! On a wild weekend ...  üí• Houston's O'Brien: ‚ÄúWe're trying to get better in all ways. The roster is just one way to do that."" üí• Seattle's Schneider: ""He can do whatever he wants to do when he wants to do it."" üí• Flores' task.  And MORE!",6611.0,2019,9,2,0
1168536983590887426,Mon Sep 02 14:51:41 +0000 2019,2019-9-2,14:51:41,DeportesHoustn,"Breaking down Bill O‚ÄôBrien, Houston Texans seismic trade",326.0,2019,9,2,0
1168536259188256771,Mon Sep 02 14:48:49 +0000 2019,2019-9-2,14:48:49,The_MilesFiles,"9.2 MMQB is up! On a wild weekend ...  üí• Houston's O'Brien: ‚ÄúWe're trying to get better in all ways. The roster is just one way to do that."" üí• Seattle's Schneider: ""He can do whatever he wants to do when he wants to do it."" üí• Flores' task.  And MORE!",25535.0,2019,9,2,0
1168528054085455872,Mon Sep 02 14:16:12 +0000 2019,2019-9-2,14:16:12,Noriega_01,"9.2 MMQB is up! On a wild weekend ...  üí• Houston's O'Brien: ‚ÄúWe're trying to get better in all ways. The roster is just one way to do that."" üí• Seattle's Schneider: ""He can do whatever he wants to do when he wants to do it."" üí• Flores' task.  And MORE!",43346.0,2019,9,2,0
1168521871639425024,Mon Sep 02 13:51:38 +0000 2019,2019-9-2,13:51:38,Leestewart281,"Houston‚Äôs slew of trades on Saturday begs the question: How did the Texans get here, dealing more than the Browns did for OBJ or the Bears for Mack, to land left tackle Laremy Tunsil?  on their process and more in this week‚Äôs MMQB:",19244.0,2019,9,2,0
1168513957440757760,Mon Sep 02 13:20:12 +0000 2019,2019-9-2,13:20:12,Jobus_DFS,"Houston‚Äôs slew of trades on Saturday begs the question: How did the Texans get here, dealing more than the Browns did for OBJ or the Bears for Mack, to land left tackle Laremy Tunsil?  on their process and more in this week‚Äôs MMQB:",31061.0,2019,9,2,0
1168511370834395136,Mon Sep 02 13:09:55 +0000 2019,2019-9-2,13:09:55,Clark24Nathan,"Houston‚Äôs slew of trades on Saturday begs the question: How did the Texans get here, dealing more than the Browns did for OBJ or the Bears for Mack, to land left tackle Laremy Tunsil?   on the process and more in this week‚Äôs MMQB",1256.0,2019,9,2,0
1168504931948670977,Mon Sep 02 12:44:20 +0000 2019,2019-9-2,12:44:20,MarvLBluechip,"Houston‚Äôs slew of trades on Saturday begs the question: How did the Texans get here, dealing more than the Browns did for OBJ or the Bears for Mack, to land left tackle Laremy Tunsil?  on their process and more in this week‚Äôs MMQB:",20124.0,2019,9,2,0
1168504431651901441,Mon Sep 02 12:42:20 +0000 2019,2019-9-2,12:42:20,DBHawks19,"9.2 MMQB is up! On a wild weekend ...  üí• Houston's O'Brien: ‚ÄúWe're trying to get better in all ways. The roster is just one way to do that."" üí• Seattle's Schneider: ""He can do whatever he wants to do when he wants to do it."" üí• Flores' task.  And MORE!",7484.0,2019,9,2,0
1168504188558430208,Mon Sep 02 12:41:22 +0000 2019,2019-9-2,12:41:22,GPackChopra,"Houston‚Äôs slew of trades on Saturday begs the question: How did the Texans get here, dealing more than the Browns did for OBJ or the Bears for Mack, to land left tackle Laremy Tunsil?  on their process and more in this week‚Äôs MMQB:",9172.0,2019,9,2,0
1168504175782703105,Mon Sep 02 12:41:19 +0000 2019,2019-9-2,12:41:19,na_maite,"9.2 MMQB is up! On a wild weekend ...  üí• Houston's O'Brien: ‚ÄúWe're trying to get better in all ways. The roster is just one way to do that."" üí• Seattle's Schneider: ""He can do whatever he wants to do when he wants to do it."" üí• Flores' task.  And MORE!",17976.0,2019,9,2,0
1168504166391668738,Mon Sep 02 12:41:17 +0000 2019,2019-9-2,12:41:17,Mooda_Man_,"Houston‚Äôs slew of trades on Saturday begs the question: How did the Texans get here, dealing more than the Browns did for OBJ or the Bears for Mack, to land left tackle Laremy Tunsil?  on their process and more in this week‚Äôs MMQB:",40763.0,2019,9,2,0
1168503975395713024,Mon Sep 02 12:40:32 +0000 2019,2019-9-2,12:40:32,BillEnright,"Houston‚Äôs slew of trades on Saturday begs the question: How did the Texans get here, dealing more than the Browns did for OBJ or the Bears for Mack, to land left tackle Laremy Tunsil?  on their process and more in this week‚Äôs MMQB:",2239.0,2019,9,2,0
1168503910937583617,Mon Sep 02 12:40:16 +0000 2019,2019-9-2,12:40:16,SInow,"Houston‚Äôs slew of trades on Saturday begs the question: How did the Texans get here, dealing more than the Browns d‚Ä¶",4130.0,2019,9,2,0
1168503203912126465,Mon Sep 02 12:37:28 +0000 2019,2019-9-2,12:37:28,VernellGordon,"9.2 MMQB is up! On a wild weekend ...  üí• Houston's O'Brien: ‚ÄúWe're trying to get better in all ways. The roster is just one way to do that."" üí• Seattle's Schneider: ""He can do whatever he wants to do when he wants to do it."" üí• Flores' task.  And MORE!",100536.0,2019,9,2,0
1168502341978480642,Mon Sep 02 12:34:02 +0000 2019,2019-9-2,12:34:02,Beckypackersfan,"Houston‚Äôs slew of trades on Saturday begs the question: How did the Texans get here, dealing more than the Browns did for OBJ or the Bears for Mack, to land left tackle Laremy Tunsil?   on the process and more in this week‚Äôs MMQB",63537.0,2019,9,2,0
1168500067315146756,Mon Sep 02 12:25:00 +0000 2019,2019-9-2,12:25:00,ryangknox,"Houston‚Äôs slew of trades on Saturday begs the question: How did the Texans get here, dealing more than the Browns did for OBJ or the Bears for Mack, to land left tackle Laremy Tunsil?   on the process and more in this week‚Äôs MMQB",13051.0,2019,9,2,0
1168499019867463681,Mon Sep 02 12:20:50 +0000 2019,2019-9-2,12:20:50,Zach_Puopolo13,"Houston‚Äôs slew of trades on Saturday begs the question: How did the Texans get here, dealing more than the Browns did for OBJ or the Bears for Mack, to land left tackle Laremy Tunsil?   on the process and more in this week‚Äôs MMQB",35932.0,2019,9,2,0
1168498335508045825,Mon Sep 02 12:18:07 +0000 2019,2019-9-2,12:18:07,usalivefeed,"Breaking down Bill O‚ÄôBrien, Houston Texans seismic trade -",22.0,2019,9,2,0
1168498008935280642,Mon Sep 02 12:16:49 +0000 2019,2019-9-2,12:16:49,chris_spiwak,"Houston‚Äôs slew of trades on Saturday begs the question: How did the Texans get here, dealing more than the Browns did for OBJ or the Bears for Mack, to land left tackle Laremy Tunsil?   on the process and more in this week‚Äôs MMQB",40.0,2019,9,2,0
1168497961145438209,Mon Sep 02 12:16:38 +0000 2019,2019-9-2,12:16:38,joelise23,"Houston‚Äôs slew of trades on Saturday begs the question: How did the Texans get here, dealing more than the Browns did for OBJ or the Bears for Mack, to land left tackle Laremy Tunsil?   on the process and more in this week‚Äôs MMQB",3920.0,2019,9,2,0
1168497217809854469,Mon Sep 02 12:13:41 +0000 2019,2019-9-2,12:13:41,DavidNeiss,"9.2 MMQB is up! On a wild weekend ...  üí• Houston's O'Brien: ‚ÄúWe're trying to get better in all ways. The roster is just one way to do that."" üí• Seattle's Schneider: ""He can do whatever he wants to do when he wants to do it."" üí• Flores' task.  And MORE!",1413.0,2019,9,2,0
1168496760517537792,Mon Sep 02 12:11:51 +0000 2019,2019-9-2,12:11:51,2016GoPatriots,"Houston‚Äôs slew of trades on Saturday begs the question: How did the Texans get here, dealing more than the Browns did for OBJ or the Bears for Mack, to land left tackle Laremy Tunsil?   on the process and more in this week‚Äôs MMQB",29819.0,2019,9,2,0
1168496331024998401,Mon Sep 02 12:10:09 +0000 2019,2019-9-2,12:10:09,antwanstaley,"Houston‚Äôs slew of trades on Saturday begs the question: How did the Texans get here, dealing more than the Browns did for OBJ or the Bears for Mack, to land left tackle Laremy Tunsil?   on the process and more in this week‚Äôs MMQB",79980.0,2019,9,2,0
1168493846063407104,Mon Sep 02 12:00:17 +0000 2019,2019-9-2,12:00:17,houtz,"Houston‚Äôs slew of trades on Saturday begs the question: How did the Texans get here, dealing more than the Browns did for OBJ or the Bears for Mack, to land left tackle Laremy Tunsil?   on the process and more in this week‚Äôs MMQB",38737.0,2019,9,2,0
1168493042287775744,Mon Sep 02 11:57:05 +0000 2019,2019-9-2,11:57:05,kpkp_peca,"Breaking down Bill O‚ÄôBrien, Houston Texans seismic trade",680.0,2019,9,2,0
1168491143543345152,Mon Sep 02 11:49:32 +0000 2019,2019-9-2,11:49:32,jordanjones0616,"9.2 MMQB is up! On a wild weekend ...  üí• Houston's O'Brien: ‚ÄúWe're trying to get better in all ways. The roster is just one way to do that."" üí• Seattle's Schneider: ""He can do whatever he wants to do when he wants to do it."" üí• Flores' task.  And MORE!",39568.0,2019,9,2,0
1168489403410460673,Mon Sep 02 11:42:37 +0000 2019,2019-9-2,11:42:37,vGLegendz,"9.2 MMQB is up! On a wild weekend ...  üí• Houston's O'Brien: ‚ÄúWe're trying to get better in all ways. The roster is just one way to do that."" üí• Seattle's Schneider: ""He can do whatever he wants to do when he wants to do it."" üí• Flores' task.  And MORE!",62404.0,2019,9,2,0
1168488168443789312,Mon Sep 02 11:37:43 +0000 2019,2019-9-2,11:37:43,SilentSnake84,"9.2 MMQB is up! On a wild weekend ...  üí• Houston's O'Brien: ‚ÄúWe're trying to get better in all ways. The roster is just one way to do that."" üí• Seattle's Schneider: ""He can do whatever he wants to do when he wants to do it."" üí• Flores' task.  And MORE!",115128.0,2019,9,2,0
1168486441300713472,Mon Sep 02 11:30:51 +0000 2019,2019-9-2,11:30:51,AwfulTakes,"9.2 MMQB is up! On a wild weekend ...  üí• Houston's O'Brien: ‚ÄúWe're trying to get better in all ways. The roster is just one way to do that."" üí• Seattle's Schneider: ""He can do whatever he wants to do when he wants to do it."" üí• Flores' task.  And MORE!",66082.0,2019,9,2,0
1168482413053468672,Mon Sep 02 11:14:51 +0000 2019,2019-9-2,11:14:51,AlbertBreer,9.2 MMQB is up! On a wild weekend ...  üí• Houston's O'Brien: ‚ÄúWe're trying to get better in all ways. The roster is‚Ä¶,1665.0,2019,9,2,0
1168478258750341120,Mon Sep 02 10:58:20 +0000 2019,2019-9-2,10:58:20,redmarvelgirl21,"Houston‚Äôs slew of trades on Saturday begs the question: How did the Texans get here, dealing more than the Browns did for OBJ or the Bears for Mack, to land left tackle Laremy Tunsil?   on the process and more in this week‚Äôs MMQB",99959.0,2019,9,2,0
1168473801946009604,Mon Sep 02 10:40:38 +0000 2019,2019-9-2,10:40:38,AlbertBreer,"Houston‚Äôs slew of trades on Saturday begs the question: How did the Texans get here, dealing more than the Browns did for OBJ or the Bears for Mack, to land left tackle Laremy Tunsil?   on the process and more in this week‚Äôs MMQB",1665.0,2019,9,2,0
1168467135091359749,Mon Sep 02 10:14:08 +0000 2019,2019-9-2,10:14:08,loganmcshan,"Houston‚Äôs slew of trades on Saturday begs the question: How did the Texans get here, dealing more than the Browns did for OBJ or the Bears for Mack, to land left tackle Laremy Tunsil?   on the process and more in this week‚Äôs MMQB",40377.0,2019,9,2,0
1168466042638733312,Mon Sep 02 10:09:48 +0000 2019,2019-9-2,10:09:48,jnatty91,"Houston‚Äôs slew of trades on Saturday begs the question: How did the Texans get here, dealing more than the Browns did for OBJ or the Bears for Mack, to land left tackle Laremy Tunsil?   on the process and more in this week‚Äôs MMQB",1541.0,2019,9,2,0
1168450320344764416,Mon Sep 02 09:07:19 +0000 2019,2019-9-2,09:07:19,swinney23,New Bears story on SI: Texans Sit at the Center of Two Seismic Trades on a Frenzied Saturday in the NFL‚Ä¶,12576.0,2019,9,2,0
1168448169425940480,Mon Sep 02 08:58:46 +0000 2019,2019-9-2,08:58:46,andrewsteeled,"Houston‚Äôs slew of trades on Saturday begs the question: How did the Texans get here, dealing more than the Browns did for OBJ or the Bears for Mack, to land left tackle Laremy Tunsil?   on the process and more in this week‚Äôs MMQB",15100.0,2019,9,2,0
1168434743450513410,Mon Sep 02 08:05:25 +0000 2019,2019-9-2,08:05:25,supply4plumbing,Houston Texans news: Texans Sit at the Center of Two Seismic Trades on a Frenzied Saturday in the NFL,30.0,2019,9,2,0
1168426124675674112,Mon Sep 02 07:31:11 +0000 2019,2019-9-2,07:31:11,BigTimeFootball,"Houston‚Äôs slew of trades on Saturday begs the question: How did the Texans get here, dealing more than the Browns did for OBJ or the Bears for Mack, to land left tackle Laremy Tunsil?   on the process and more in this week‚Äôs MMQB",50080.0,2019,9,2,0
1168424650893922304,Mon Sep 02 07:25:19 +0000 2019,2019-9-2,07:25:19,jujusimba7777,"Houston‚Äôs slew of trades on Saturday begs the question: How did the Texans get here, dealing more than the Browns did for OBJ or the Bears for Mack, to land left tackle Laremy Tunsil?   on the process and more in this week‚Äôs MMQB",18743.0,2019,9,2,0
1168424584158334976,Mon Sep 02 07:25:03 +0000 2019,2019-9-2,07:25:03,KyussSmith,"Houston‚Äôs slew of trades on Saturday begs the question: How did the Texans get here, dealing more than the Browns did for OBJ or the Bears for Mack, to land left tackle Laremy Tunsil?   on the process and more in this week‚Äôs MMQB",3038.0,2019,9,2,0
1168424476570263552,Mon Sep 02 07:24:38 +0000 2019,2019-9-2,07:24:38,WillRodgersJr,"Houston‚Äôs slew of trades on Saturday begs the question: How did the Texans get here, dealing more than the Browns did for OBJ or the Bears for Mack, to land left tackle Laremy Tunsil?   on the process and more in this week‚Äôs MMQB",89921.0,2019,9,2,0
1168424364649398272,Mon Sep 02 07:24:11 +0000 2019,2019-9-2,07:24:11,theMMQB,"Houston‚Äôs slew of trades on Saturday begs the question: How did the Texans get here, dealing more than the Browns d‚Ä¶",2306.0,2019,9,2,0
1168372618292019200,Mon Sep 02 03:58:34 +0000 2019,2019-9-2,03:58:34,Grand_Lethal,"RT Let‚Äôs check in on Bill O‚ÄôBrien, head coach/GM of the Texans, one week before the start of the season‚Ä¶",1083.0,2019,9,2,0
1168349853468057600,Mon Sep 02 02:28:06 +0000 2019,2019-9-2,02:28:06,Rychief21,"RT Let‚Äôs check in on Bill O‚ÄôBrien, head coach/GM of the Texans, one week before the start of the season‚Ä¶",357.0,2019,9,2,0
1168342505856929799,Mon Sep 02 01:58:54 +0000 2019,2019-9-2,01:58:54,RHillAA,"RT Let‚Äôs check in on Bill O‚ÄôBrien, head coach/GM of the Texans, one week before the start of the season‚Ä¶",56093.0,2019,9,2,0
1168339266059022337,Mon Sep 02 01:46:02 +0000 2019,2019-9-2,01:46:02,theMMQB,"Let‚Äôs check in on Bill O‚ÄôBrien, head coach/GM of the Texans, one week before the start of the season‚Ä¶",2306.0,2019,9,2,0
1168280683955019779,Sun Sep 01 21:53:15 +0000 2019,2019-9-1,21:53:15,damanilee,"Texans trade for Laremy Tunsil, Kenny Stills show lack of vision |",221.0,2019,9,1,6
1168232696335732738,Sun Sep 01 18:42:34 +0000 2019,2019-9-1,18:42:34,WaltPutulski,.@jerrythornton1 I wonder who the 1 coach out of 32 isn‚Äôt? ü§î ,12398.0,2019,9,1,6
1168228708831965185,Sun Sep 01 18:26:43 +0000 2019,2019-9-1,18:26:43,DavidBowser102,"The NFL world wants to know, what are the Texans doing? Houston Texan FANS want to know whe‚Ä¶",32.0,2019,9,1,6
1168227780137385984,Sun Sep 01 18:23:02 +0000 2019,2019-9-1,18:23:02,rpsportstrainin,"After trading for Laremy Tunsil and Kenny Stills, the Texans now have an average offensive line and a good‚Äînot great‚Äîwide receiver ‚Ä¶ while the Dolphins have a wealth of draft picks",13221.0,2019,9,1,6
1168222860063780864,Sun Sep 01 18:03:29 +0000 2019,2019-9-1,18:03:29,DexHinton,This article is stupid.,143780.0,2019,9,1,6
1168194911310667777,Sun Sep 01 16:12:25 +0000 2019,2019-9-1,16:12:25,Ano_611,"RT Let‚Äôs check in on Bill O‚ÄôBrien, head coach/GM of the Texans, one week before the start of the season‚Ä¶ ",25004.0,2019,9,1,6
1168194207984439296,Sun Sep 01 16:09:37 +0000 2019,2019-9-1,16:09:37,Wiggy38,"RT Let‚Äôs check in on Bill O‚ÄôBrien, head coach/GM of the Texans, one week before the start of the season‚Ä¶ ",8025.0,2019,9,1,6
1168193564565757952,Sun Sep 01 16:07:04 +0000 2019,2019-9-1,16:07:04,theMMQB,"Let‚Äôs check in on Bill O‚ÄôBrien, head coach/GM of the Texans, one week before the start of the season‚Ä¶ ",2306.0,2019,9,1,6
1168174133437456384,Sun Sep 01 14:49:51 +0000 2019,2019-9-1,14:49:51,aufdenspring,There‚Äôs just no comparison between Texans and Patriots. Making sense of Houston‚Äôs baffling trades,3016.0,2019,9,1,6
1168166384532164608,Sun Sep 01 14:19:04 +0000 2019,2019-9-1,14:19:04,BobbyJackBlain,"The NFL world wants to know, what are the Texans doing? Poor personnel management is nothin‚Ä¶",0.0,2019,9,1,6
1168163139634044928,Sun Sep 01 14:06:10 +0000 2019,2019-9-1,14:06:10,dermadiva1,RT ICYMI: This was too good not to share again  Texans  astros,8406.0,2019,9,1,6
1168156308836683778,Sun Sep 01 13:39:01 +0000 2019,2019-9-1,13:39:01,christian_leo7,"RT Let‚Äôs check in on Bill O‚ÄôBrien, head coach/GM of the Texans, one week before the start of the season‚Ä¶",797.0,2019,9,1,6
1168154037247795203,Sun Sep 01 13:30:00 +0000 2019,2019-9-1,13:30:00,espn975,ICYMI: This was too good not to share again  Texans  astros,2911.0,2019,9,1,6
1168152517521416193,Sun Sep 01 13:23:58 +0000 2019,2019-9-1,13:23:58,Clark24Nathan,"After trading for Tunsil and Stills, the Texans now have an average offensive line and a good-not-great wide receiver ‚Ä¶ while the Dolphins have a wealth of draft picks",1256.0,2019,9,1,6
1168151665687564293,Sun Sep 01 13:20:34 +0000 2019,2019-9-1,13:20:34,making_it_reyna,"After trading for Laremy Tunsil and Kenny Stills, the Texans now have an average offensive line and a good‚Äînot great‚Äîwide receiver ‚Ä¶ while the Dolphins have a wealth of draft picks",2951.0,2019,9,1,6
1168149378290331648,Sun Sep 01 13:11:29 +0000 2019,2019-9-1,13:11:29,VernellGordon,"After trading for Laremy Tunsil and Kenny Stills, the Texans now have an average offensive line and a good‚Äînot great‚Äîwide receiver ‚Ä¶ while the Dolphins have a wealth of draft picks",100536.0,2019,9,1,6
1168146499726974979,Sun Sep 01 13:00:03 +0000 2019,2019-9-1,13:00:03,SInow,"After trading for Laremy Tunsil and Kenny Stills, the Texans now have an average offensive line and a good‚Äînot grea‚Ä¶",4130.0,2019,9,1,6
1168141652390596609,Sun Sep 01 12:40:47 +0000 2019,2019-9-1,12:40:47,Sully1Bears,,166.0,2019,9,1,6
1168141401827069952,Sun Sep 01 12:39:47 +0000 2019,2019-9-1,12:39:47,tobicu,"RT Let‚Äôs check in on Bill O‚ÄôBrien, head coach/GM of the Texans, one week before the start of the season‚Ä¶",922.0,2019,9,1,6
1168140504913104896,Sun Sep 01 12:36:14 +0000 2019,2019-9-1,12:36:14,Juan_Bang,"RT Let‚Äôs check in on Bill O‚ÄôBrien, head coach/GM of the Texans, one week before the start of the season‚Ä¶",10986.0,2019,9,1,6
1168139325281898496,Sun Sep 01 12:31:32 +0000 2019,2019-9-1,12:31:32,VikVijLaw,"RT Let‚Äôs check in on Bill O‚ÄôBrien, head coach/GM of the Texans, one week before the start of the season‚Ä¶",969.0,2019,9,1,6
1168137959612305409,Sun Sep 01 12:26:07 +0000 2019,2019-9-1,12:26:07,theMMQB,"Let‚Äôs check in on Bill O‚ÄôBrien, head coach/GM of the Texans, one week before the start of the season‚Ä¶",2306.0,2019,9,1,6
1168019645565034496,Sun Sep 01 04:35:58 +0000 2019,2019-9-1,04:35:58,profballnews,what do u guys think about this Texans‚Äô Frantic Trades Expose the Franchise‚Äôs Lack of Vision and Direction‚Ä¶,18.0,2019,9,1,6
1168009318370664449,Sun Sep 01 03:54:56 +0000 2019,2019-9-1,03:54:56,williamg1,"The Texans had quite the day, trading away Jadeveon Clowney and trading for Laremy Tunsil and Kenny Stills.   Now, is left asking‚Ä¶ what‚Äôs the direction for this franchise?",23506.0,2019,9,1,6
1168007908518293506,Sun Sep 01 03:49:20 +0000 2019,2019-9-1,03:49:20,rubengzz,"The Texans had quite the day, trading away Jadeveon Clowney and trading for Laremy Tunsil and Kenny Stills.   Now, is left asking‚Ä¶ what‚Äôs the direction for this franchise?",5821.0,2019,9,1,6
1168007318677725184,Sun Sep 01 03:46:59 +0000 2019,2019-9-1,03:46:59,dabomb_sports,"The Texans had quite the day, trading away Jadeveon Clowney and trading for Laremy Tunsil and Kenny Stills.   Now, is left asking‚Ä¶ what‚Äôs the direction for this franchise?",13745.0,2019,9,1,6
1168006867181850624,Sun Sep 01 03:45:12 +0000 2019,2019-9-1,03:45:12,PDrabes,"The Texans had quite the day, trading away Jadeveon Clowney and trading for Laremy Tunsil and Kenny Stills.   Now, is left asking‚Ä¶ what‚Äôs the direction for this franchise?",107869.0,2019,9,1,6
1168006862308106240,Sun Sep 01 03:45:11 +0000 2019,2019-9-1,03:45:11,TheGreatPoski,"The Texans had quite the day, trading away Jadeveon Clowney and trading for Laremy Tunsil and Kenny Stills.   Now, is left asking‚Ä¶ what‚Äôs the direction for this franchise?",45084.0,2019,9,1,6
1168006547047251968,Sun Sep 01 03:43:55 +0000 2019,2019-9-1,03:43:55,enockrodriguez_,"The Texans had quite the day, trading away Jadeveon Clowney and trading for Laremy Tunsil and Kenny Stills.   Now, is left asking‚Ä¶ what‚Äôs the direction for this franchise?",113385.0,2019,9,1,6
1168006306256453632,Sun Sep 01 03:42:58 +0000 2019,2019-9-1,03:42:58,realdealkvp,"The Texans had quite the day, trading away Jadeveon Clowney and trading for Laremy Tunsil and Kenny Stills.   Now, is left asking‚Ä¶ what‚Äôs the direction for this franchise?",13371.0,2019,9,1,6
1168006275420082176,Sun Sep 01 03:42:51 +0000 2019,2019-9-1,03:42:51,AidanJensen2019,"The Texans had quite the day, trading away Jadeveon Clowney and trading for Laremy Tunsil and Kenny Stills.   Now, is left asking‚Ä¶ what‚Äôs the direction for this franchise?",4634.0,2019,9,1,6
1168005921345171456,Sun Sep 01 03:41:26 +0000 2019,2019-9-1,03:41:26,B_Gwin16,"The Texans had quite the day, trading away Jadeveon Clowney and trading for Laremy Tunsil and Kenny Stills.   Now, is left asking‚Ä¶ what‚Äôs the direction for this franchise?",104670.0,2019,9,1,6
1168005896930119682,Sun Sep 01 03:41:20 +0000 2019,2019-9-1,03:41:20,Juan_Bang,"The Texans had quite the day, trading away Jadeveon Clowney and trading for Laremy Tunsil and Kenny Stills.   Now, is left asking‚Ä¶ what‚Äôs the direction for this franchise?",10986.0,2019,9,1,6
1168005764457172994,Sun Sep 01 03:40:49 +0000 2019,2019-9-1,03:40:49,RAMFANVILLAR,"The Texans had quite the day, trading away Jadeveon Clowney and trading for Laremy Tunsil and Kenny Stills.   Now, is left asking‚Ä¶ what‚Äôs the direction for this franchise?",6691.0,2019,9,1,6
1168005571083026433,Sun Sep 01 03:40:03 +0000 2019,2019-9-1,03:40:03,SInow,"The Texans had quite the day, trading away Jadeveon Clowney and trading for Laremy Tunsil and Kenny Stills.   Now,‚Ä¶",4130.0,2019,9,1,6
1167995764611502082,Sun Sep 01 03:01:05 +0000 2019,2019-9-1,03:01:05,leroyxvi,"""Houston is flying blindly without someone overseeing their front office, rumbling through this offseason with the dexterity of a toddler driving a school bus."" Texans",72110.0,2019,9,1,6
1167994991345405952,Sun Sep 01 02:58:00 +0000 2019,2019-9-1,02:58:00,chunky37,"""Houston is flying blindly without someone overseeing their front office, rumbling through this offseason with the dexterity of a toddler driving a school bus."" Texans",13289.0,2019,9,1,6
1167993180773441536,Sun Sep 01 02:50:49 +0000 2019,2019-9-1,02:50:49,TexasPhinMan,"After trading for Tunsil and Stills, the Texans now have an average offensive line and a good-not-great wide receiver ‚Ä¶ while the Dolphins have a wealth of draft picks",6257.0,2019,9,1,6
1167992460577923074,Sun Sep 01 02:47:57 +0000 2019,2019-9-1,02:47:57,GregRajan,"""Houston is flying blindly without someone overseeing their front office, rumbling through this offseason with the‚Ä¶",401.0,2019,9,1,6
1167991719960252417,Sun Sep 01 02:45:00 +0000 2019,2019-9-1,02:45:00,KarlGilbert4,Texans frantic trades expose lack of direction,0.0,2019,9,1,6
1167991292229574656,Sun Sep 01 02:43:18 +0000 2019,2019-9-1,02:43:18,SI_ChrisStone,"After trading for Tunsil and Stills, the Texans now have an average offensive line and a good-not-great wide receiver ‚Ä¶ while the Dolphins have a wealth of draft picks",10702.0,2019,9,1,6
1167987710373638144,Sun Sep 01 02:29:04 +0000 2019,2019-9-1,02:29:04,lpces99,"After trading for Tunsil and Stills, the Texans now have an average offensive line and a good-not-great wide receiver ‚Ä¶ while the Dolphins have a wealth of draft picks",21509.0,2019,9,1,6
1167986619829219328,Sun Sep 01 02:24:44 +0000 2019,2019-9-1,02:24:44,Allon2324,"After trading for Tunsil and Stills, the Texans now have an average offensive line and a good-not-great wide receiver ‚Ä¶ while the Dolphins have a wealth of draft picks",19501.0,2019,9,1,6
1167985615146803201,Sun Sep 01 02:20:45 +0000 2019,2019-9-1,02:20:45,stevenbottoni,"After trading for Tunsil and Stills, the Texans now have an average offensive line and a good-not-great wide receiver ‚Ä¶ while the Dolphins have a wealth of draft picks",25862.0,2019,9,1,6
1167984719964753921,Sun Sep 01 02:17:12 +0000 2019,2019-9-1,02:17:12,StabbyCrabby,"After trading for Tunsil and Stills, the Texans now have an average offensive line and a good-not-great wide receiver ‚Ä¶ while the Dolphins have a wealth of draft picks",9477.0,2019,9,1,6
1167984278325665792,Sun Sep 01 02:15:26 +0000 2019,2019-9-1,02:15:26,CharlieKel89,"After trading for Tunsil and Stills, the Texans now have an average offensive line and a good-not-great wide receiver ‚Ä¶ while the Dolphins have a wealth of draft picks",104667.0,2019,9,1,6
1167983937693466625,Sun Sep 01 02:14:05 +0000 2019,2019-9-1,02:14:05,theMMQB,"After trading for Tunsil and Stills, the Texans now have an average offensive line and a good-not-great wide receiv‚Ä¶",2306.0,2019,9,1,6
1167978303392747520,Sun Sep 01 01:51:42 +0000 2019,2019-9-1,01:51:42,GLongora,RT Texans‚Äô Frantic Trades Expose the Franchise‚Äôs Lack of Vision and Direction via NFL,1753.0,2019,9,1,6
1167970643179999233,Sun Sep 01 01:21:15 +0000 2019,2019-9-1,01:21:15,cgreabeiel,"The Texans had quite the day on Saturday, trading away Clowney and trading for Laremy Tunsil and Kenny Stills. Now we‚Äôre left asking‚Ä¶ what‚Äôs the direction for this franchise?",3969.0,2019,9,1,6
1167967495619088384,Sun Sep 01 01:08:45 +0000 2019,2019-9-1,01:08:45,cashbackonrx,Texans frantic trades expose lack of direction,15.0,2019,9,1,6
1167964360183959553,Sun Sep 01 00:56:17 +0000 2019,2019-9-1,00:56:17,respectmyblog,Texans‚Äô Frantic Trades Expose the Franchise‚Äôs Lack of Vision and Direction via NFL,130.0,2019,9,1,6
1167951335288819715,Sun Sep 01 00:04:32 +0000 2019,2019-9-1,00:04:32,robertgreen500,Here's a good article that pretty much sums it all up,43653.0,2019,9,1,6
1172217524894629893,Thu Sep 12 18:36:51 +0000 2019,2019-9-12,18:36:51,HCRfootball,"During a press conference, Bill O'Brien slipped and said that the Texans had released Aaron Wilson of the Houston Chronicle, rather than cornerback Aaron Colvin",4829.0,2019,9,12,3
1172214679755640832,Thu Sep 12 18:25:33 +0000 2019,2019-9-12,18:25:33,awfulannouncing,"During a press conference, Bill O'Brien slipped and said that the Texans had released Aaron Wilson of the Houston C‚Ä¶",829.0,2019,9,12,3
1172146782324830208,Thu Sep 12 13:55:44 +0000 2019,2019-9-12,13:55:44,jschil,"During a presser, Texans coach Bill O'Brien accidentally announced that Houston Chronicle reporter Aaron Wilson (as opposed to cornerback Aaron Colvin) had been released",17326.0,2019,9,12,3
1171975163971276801,Thu Sep 12 02:33:47 +0000 2019,2019-9-12,02:33:47,The_Victors_97,"During a presser, Texans coach Bill O'Brien accidentally announced that Houston Chronicle reporter Aaron Wilson (as opposed to cornerback Aaron Colvin) had been released",594.0,2019,9,12,3
1171972950280458240,Thu Sep 12 02:25:00 +0000 2019,2019-9-12,02:25:00,awfulannouncing,"During a presser, Texans coach Bill O'Brien accidentally announced that Houston Chronicle reporter Aaron Wilson (as‚Ä¶",829.0,2019,9,12,3
1171466039667744768,Tue Sep 10 16:50:43 +0000 2019,2019-9-10,16:50:43,TexansNationCP,"The Texans lost a heartbreaker, but it's only one game. ",1.0,2019,9,10,1
1171398004047327232,Tue Sep 10 12:20:22 +0000 2019,2019-9-10,12:20:22,AlanMoldawer,The Texans Are Getting Crushed For Coaching Decision On Final Drive via,20.0,2019,9,10,1
1171276115903700992,Tue Sep 10 04:16:01 +0000 2019,2019-9-10,04:16:01,BrianMobley18,As a Houston football fan of 35 years I have suffered through the Oilers sucking and abandoning us..‚Ä¶,0.0,2019,9,10,1
1171257814473498624,Tue Sep 10 03:03:18 +0000 2019,2019-9-10,03:03:18,TheSpun,Yikes.,10183.0,2019,9,10,1
1171233236439175169,Tue Sep 10 01:25:38 +0000 2019,2019-9-10,01:25:38,MikeSox56,"BUSINESS AS USUAL: Bill O‚ÄôBrien has signaled that HE will be calling the plays against the Saints tomorrow. Despite promoting Tim Kelly, it appears his shiny, new offensive coordinator has just a glitzy title to boast about. Texans üèàüî•ü§îüíØ",3720.0,2019,9,10,1
1171060028087967745,Mon Sep 09 13:57:22 +0000 2019,2019-9-9,13:57:22,CamiloTodoBien,RT Gimm3 some of that run-run-pass-punt action,33484.0,2019,9,9,0
1171056762461573121,Mon Sep 09 13:44:24 +0000 2019,2019-9-9,13:44:24,yungWiggum,Gimm3 some of that run-run-pass-punt action,469.0,2019,9,9,0
1170859069827166208,Mon Sep 09 00:38:50 +0000 2019,2019-9-9,00:38:50,JustRichWebster,,125182.0,2019,9,9,0
1170769978171244544,Sun Sep 08 18:44:49 +0000 2019,2019-9-8,18:44:49,ScrewHataProof,Houston Texans: Bill O‚ÄôBrien signals he will call plays against the Saints,100.0,2019,9,8,6
1170714825103593473,Sun Sep 08 15:05:39 +0000 2019,2019-9-8,15:05:39,bentonlee1,Houston Texans 2019 season preview: Bill O'Brien all-in to protect Deshaun Watson,42814.0,2019,9,8,6
1170707185418067969,Sun Sep 08 14:35:18 +0000 2019,2019-9-8,14:35:18,brkp1999,BUSINESS AS USUAL: Bill O‚ÄôBrien has signaled that HE will be calling the plays against the Saints tomorrow. Despit‚Ä¶,1734.0,2019,9,8,6
1170707110314860549,Sun Sep 08 14:35:00 +0000 2019,2019-9-8,14:35:00,HouseOfHouston,BUSINESS AS USUAL: Bill O‚ÄôBrien has signaled that HE will be calling the plays against the Saints tomorrow. Despit‚Ä¶,15146.0,2019,9,8,6
1174118645888217089,Wed Sep 18 00:31:13 +0000 2019,2019-9-18,00:31:13,espn975,"Besides Bill O'Brien, here are 3 coaches doing less with more Texans ",2911.0,2019,9,18,2
1174110881933877250,Wed Sep 18 00:00:22 +0000 2019,2019-9-18,00:00:22,sportsmaphou,"Besides Bill O'Brien, here are 3 coaches doing less with more Texans",305.0,2019,9,18,2
1173701181010526210,Mon Sep 16 20:52:22 +0000 2019,2019-9-16,20:52:22,espn975,"Just when you think you've heard it all from Bill O'Brien, he says this Texans",2911.0,2019,9,16,0
1173684583382028297,Mon Sep 16 19:46:25 +0000 2019,2019-9-16,19:46:25,sportsmaphou,"Just when you think you've heard it all from Bill O'Brien, he says this Texans",305.0,2019,9,16,0
1179962796009754624,Fri Oct 04 03:33:47 +0000 2019,2019-10-4,03:33:47,texanperry,A letter to Bill O'Brien from Texans fans,10030.0,2019,10,4,4
1179411020965666817,Wed Oct 02 15:01:14 +0000 2019,2019-10-2,15:01:14,espn975,A letter to Bill O'Brien from Texans fans,2911.0,2019,10,2,2
1179349398041575426,Wed Oct 02 10:56:22 +0000 2019,2019-10-2,10:56:22,Johnvau30078723,A letter to Bill O'Brien from Texans fans,28.0,2019,10,2,2
1179084993726992385,Tue Oct 01 17:25:43 +0000 2019,2019-10-1,17:25:43,nathanvaldillez,A letter to Bill O'Brien from Texans fans,4886.0,2019,10,1,1
1179070335397830656,Tue Oct 01 16:27:28 +0000 2019,2019-10-1,16:27:28,EddieAraguz,RT A letter to Bill O'Brien from Texans fans EveryThingSports ,1422.0,2019,10,1,1
1179017817179541505,Tue Oct 01 12:58:47 +0000 2019,2019-10-1,12:58:47,sportsmaphou,A letter to Bill O'Brien from Texans fans,305.0,2019,10,1,1
1179014911835414529,Tue Oct 01 12:47:14 +0000 2019,2019-10-1,12:47:14,DRDREon290,RT A letter to Bill O'Brien from Texans fans EveryThingSports ,63603.0,2019,10,1,1
1179012939170373632,Tue Oct 01 12:39:24 +0000 2019,2019-10-1,12:39:24,PinkValkyrie,RT A letter to Bill O'Brien from Texans fans EveryThingSports ,60664.0,2019,10,1,1
1179010726737977346,Tue Oct 01 12:30:36 +0000 2019,2019-10-1,12:30:36,espn975,A letter to Bill O'Brien from Texans fans,2911.0,2019,10,1,1
1179006640953200640,Tue Oct 01 12:14:22 +0000 2019,2019-10-1,12:14:22,OGRebelino,RT A letter to Bill O'Brien from Texans fans EveryThingSports ,1245.0,2019,10,1,1
1179005675877359618,Tue Oct 01 12:10:32 +0000 2019,2019-10-1,12:10:32,The_Jermaine,A letter to Bill O'Brien from Texans fans EveryThingSports ,10792.0,2019,10,1,1
1178784691157118986,Mon Sep 30 21:32:25 +0000 2019,2019-9-30,21:32:25,Thackzilla,Cal McNair ju‚Ä¶,290.0,2019,9,30,0
1178705655680638976,Mon Sep 30 16:18:22 +0000 2019,2019-9-30,16:18:22,Docpay75,RT Bill O'Brien Needs to Start Holding Up His End of the Bargain on Game Days for the Houston Texans v‚Ä¶,14869.0,2019,9,30,0
1178691542418104320,Mon Sep 30 15:22:17 +0000 2019,2019-9-30,15:22:17,713PSK13,For real.,323.0,2019,9,30,0
1178690482089660421,Mon Sep 30 15:18:04 +0000 2019,2019-9-30,15:18:04,memikeb,RT Bill O'Brien Needs to Start Holding Up His End of the Bargain on Game Days for the Houston Texans v‚Ä¶,75.0,2019,9,30,0
1178685785362567168,Mon Sep 30 14:59:24 +0000 2019,2019-9-30,14:59:24,pdawg43,RT Bill O'Brien Needs to Start Holding Up His End of the Bargain on Game Days for the Houston Texans v‚Ä¶,12701.0,2019,9,30,0
1178685495200636928,Mon Sep 30 14:58:15 +0000 2019,2019-9-30,14:58:15,Cleetis,Bill O'Brien Needs to Start Holding Up His End of the Bargain on Game Days for the Houston Texans via,5640.0,2019,9,30,0
1178684025361305601,Mon Sep 30 14:52:25 +0000 2019,2019-9-30,14:52:25,PatDStat,RT Bill O'Brien Needs to Start Holding Up His End of the Bargain on Game Days for the Houston Texans v‚Ä¶,7601.0,2019,9,30,0
1178683910173188097,Mon Sep 30 14:51:57 +0000 2019,2019-9-30,14:51:57,SOTTexans,Bill O'Brien Needs to Start Holding Up His End of the Bargain on Game Days for the Houston Texans via,103.0,2019,9,30,0
1182632368336715776,Fri Oct 11 12:21:43 +0000 2019,2019-10-11,12:21:43,prettyeyes33333,RT Chiefs Tyrann Mathieu Expects Texans Bill O'Brien to Try and Get in His Head on Sunday via,141330.0,2019,10,11,4
1182513306629738502,Fri Oct 11 04:28:36 +0000 2019,2019-10-11,04:28:36,ReverendKingdom,I heard this at the p. c. Interesting,1000.0,2019,10,11,4
1182366242956595201,Thu Oct 10 18:44:14 +0000 2019,2019-10-10,18:44:14,SOTTexans,Chiefs Tyrann Mathieu Expects Texans Bill O'Brien to Try and Get in His Head on Sunday via,103.0,2019,10,10,3
1182357107296931842,Thu Oct 10 18:07:56 +0000 2019,2019-10-10,18:07:56,TheChiefsWire,Chiefs S Tyrann Mathieu expects mind games from Texans HC Bill O'Brien,1237.0,2019,10,10,3
1182357103907868673,Thu Oct 10 18:07:55 +0000 2019,2019-10-10,18:07:55,goldmctNFL,Chiefs S Tyrann Mathieu expects mind games from Texans HC Bill O'Brien,43855.0,2019,10,10,3
1182357100229517317,Thu Oct 10 18:07:54 +0000 2019,2019-10-10,18:07:54,TheNFLWire,Chiefs S Tyrann Mathieu expects mind games from Texans HC Bill O'Brien,1481.0,2019,10,10,3
1182347561908092928,Thu Oct 10 17:30:00 +0000 2019,2019-10-10,17:30:00,espn975,Here are all the ways Deshaun Watson would be better without Bill O'Brien Texans,2911.0,2019,10,10,3
1182323290901291008,Thu Oct 10 15:53:33 +0000 2019,2019-10-10,15:53:33,kalahcanteven,RT Here are all the ways Deshaun Watson would be better without Bill O'Brien Texans,12151.0,2019,10,10,3
1182323271062081536,Thu Oct 10 15:53:28 +0000 2019,2019-10-10,15:53:28,SidedDebates,RT Here are all the ways Deshaun Watson would be better without Bill O'Brien Texans,4306.0,2019,10,10,3
1182323226405416961,Thu Oct 10 15:53:18 +0000 2019,2019-10-10,15:53:18,reweatherspoon,RT Here are all the ways Deshaun Watson would be better without Bill O'Brien Texans,81125.0,2019,10,10,3
1182322983064477706,Thu Oct 10 15:52:20 +0000 2019,2019-10-10,15:52:20,sportsmaphou,Here are all the ways Deshaun Watson would be better without Bill O'Brien Texans,305.0,2019,10,10,3
1180701955930431488,Sun Oct 06 04:30:57 +0000 2019,2019-10-6,04:30:57,theghettojoker,The Dems will destroy the economy just to get trump out of office. The same way i dont mind my houston texans hav‚Ä¶,2148.0,2019,10,6,6
1184585136131706881,Wed Oct 16 21:41:19 +0000 2019,2019-10-16,21:41:19,therealmarklane,"New: Colts WR T.Y. Hilton averages 102 yards per game against the Texans. Naturally, Bill O'Brien dubs him as a ""challenge"" for Houston's defense. ",97.0,2019,10,16,2
1184584693980762112,Wed Oct 16 21:39:34 +0000 2019,2019-10-16,21:39:34,averydduncan,"New: Colts WR T.Y. Hilton averages 102 yards per game against the Texans. Naturally, Bill O'Brien dubs him as a ""ch‚Ä¶",6507.0,2019,10,16,2
1184164572489506820,Tue Oct 15 17:50:09 +0000 2019,2019-10-15,17:50:09,DynamoCooligan,"Busy day on w/@corydlg on the SEC, soccer, on volunteering, on the NFL and Astros, Astros, Astros video, Texans,and my apology to Bill O'Brien (lots more to come)",1074922.0,2019,10,15,1
1184151443252506624,Tue Oct 15 16:57:59 +0000 2019,2019-10-15,16:57:59,victoraraiza,"Busy day on w/@corydlg on the SEC, soccer, on volunteering, on the NFL and Astros, Astros, Astros video, Texans,and my apology to Bill O'Brien (lots more to come)",14051.0,2019,10,15,1
1184138373981597697,Tue Oct 15 16:06:03 +0000 2019,2019-10-15,16:06:03,martinez_d2,RT An open apology (sort of) to Texans coach Bill O'Brien,92181.0,2019,10,15,1
1184117854569947139,Tue Oct 15 14:44:31 +0000 2019,2019-10-15,14:44:31,espn975,An open apology (sort of) to Texans coach Bill O'Brien,2911.0,2019,10,15,1
1184115638824046593,Tue Oct 15 14:35:42 +0000 2019,2019-10-15,14:35:42,Topher1286,An open apology (sort of) to Texans coach Bill O'Brien,1183.0,2019,10,15,1
1184081392453505024,Tue Oct 15 12:19:37 +0000 2019,2019-10-15,12:19:37,The_Jermaine,"Busy day on w/@corydlg on the SEC, soccer, on volunteering, on the NFL and Astros, Astros, Astros video, Texans,and my apology to Bill O'Brien (lots more to come)",10792.0,2019,10,15,1
1184079514319687681,Tue Oct 15 12:12:10 +0000 2019,2019-10-15,12:12:10,FredFaour,"Busy day on w/@corydlg on the SEC, soccer, on volunteering,‚Ä¶",4433.0,2019,10,15,1
1184075746916143104,Tue Oct 15 11:57:11 +0000 2019,2019-10-15,11:57:11,sportsmaphou,An open apology (sort of) to Texans coach Bill O'Brien,305.0,2019,10,15,1
1187370861357129735,Thu Oct 24 14:10:48 +0000 2019,2019-10-24,14:10:48,PatDStat,"RT Bill O'Brien Feels Gareon Conley is Going to be a ""Good Fit"" for The Houston Texans via",7601.0,2019,10,24,3
1187008057009758208,Wed Oct 23 14:09:08 +0000 2019,2019-10-23,14:09:08,curlyasian85,"RT Bill O'Brien Feels Gareon Conley is Going to be a ""Good Fit"" for The Houston Texans via",14434.0,2019,10,23,2
1187007282116288512,Wed Oct 23 14:06:04 +0000 2019,2019-10-23,14:06:04,SOTTexans,"RT Bill O'Brien Feels Gareon Conley is Going to be a ""Good Fit"" for The Houston Texans via",103.0,2019,10,23,2
1186803821638508545,Wed Oct 23 00:37:35 +0000 2019,2019-10-23,00:37:35,1mikestreet1,"RT Bill O'Brien Feels Gareon Conley is Going to be a ""Good Fit"" for The Houston Texans via",6010.0,2019,10,23,2
1186800179736920064,Wed Oct 23 00:23:07 +0000 2019,2019-10-23,00:23:07,SOTTexans,"Bill O'Brien Feels Gareon Conley is Going to be a ""Good Fit"" for The Houston Texans via",103.0,2019,10,23,2
1185979068270993410,Sun Oct 20 18:00:18 +0000 2019,2019-10-20,18:00:18,APASomething,To everyone that said Bill Obrien and the Houston OLine arent a problem anymore: I hope you're watching this game t‚Ä¶,6682.0,2019,10,20,6
1190321932178206720,Fri Nov 01 17:37:18 +0000 2019,2019-11-1,17:37:18,snb188,Houston Texans head coach Bill O'Brien has thrown his support behind England's Rugby World Cup finalists by donning‚Ä¶,18.0,2019,11,1,4
1190316165790404626,Fri Nov 01 17:14:23 +0000 2019,2019-11-1,17:14:23,roundclocksport,Houston Texans coach Bill O'Brien wears England cap ahead of Rugby World Cup final after Eddie Jones support,6.0,2019,11,1,4
1190311555013005313,Fri Nov 01 16:56:04 +0000 2019,2019-11-1,16:56:04,jfwduffield,RT Houston Texans coach Bill O'Brien wears England cap ahead of RWC2019 final   ‚úç,11.0,2019,11,1,4
1190311434447675393,Fri Nov 01 16:55:35 +0000 2019,2019-11-1,16:55:35,standardsport,Houston Texans coach Bill O'Brien wears England cap ahead of RWC2019 final   ‚úç,414.0,2019,11,1,4
1188861197610823682,Mon Oct 28 16:52:52 +0000 2019,2019-10-28,16:52:52,TexansMexico,RT Bill O'Brien Not Interested in Renting Players for The Houston Texans in Trades via,789.0,2019,10,28,0
1188859014479790080,Mon Oct 28 16:44:11 +0000 2019,2019-10-28,16:44:11,Leestewart281,RT Bill O'Brien Not Interested in Renting Players for The Houston Texans in Trades via,19244.0,2019,10,28,0
1188857608427450368,Mon Oct 28 16:38:36 +0000 2019,2019-10-28,16:38:36,TexansCanada,RT Bill O'Brien Not Interested in Renting Players for The Houston Texans in Trades via,8733.0,2019,10,28,0
1188854582677594124,Mon Oct 28 16:26:35 +0000 2019,2019-10-28,16:26:35,SOTTexans,Bill O'Brien Not Interested in Renting Players for The Houston Texans in Trades via,103.0,2019,10,28,0
